1;1
1;2
1;3
1;4
1;5
1;6
1;7
1;8
1;9
1;10
1;11
1;12
1;13
1;14
1;15
1;16
2;17
2;18
2;19
2;20
2;21
2;22
2;23
2;24
3;25
3;26
3;27
3;28
3;29
3;30
3;31
3;32
3;33
3;34
3;35
3;36
4;37
4;38
4;39
4;40
4;41
4;42
4;43
4;44
5;45
5;46
5;47
5;48
5;49
5;50
5;51
5;52
5;53
5;54
6;55
6;56
6;57
6;58
6;59
6;60
6;61
6;62
7;63
7;64
7;65
7;66
7;67
7;68
7;69
7;70
8;71
8;72
8;73
8;74
8;75
8;76
8;77
8;78
9;79
9;80
9;81
9;82
9;83
9;84
9;85
9;86
9;87
9;88
9;89
9;90
9;91
9;92
10;93
10;94
11;95
11;96
11;97
11;98
11;99
11;100
11;101
11;102
12;103
12;104
12;105
12;106
12;107
12;108
12;109
12;110
12;111
12;112
13;113
13;114
13;115
13;116
13;117
13;118
13;119
13;120
13;121
13;122
14;123
14;124
14;125
14;126
15;127
15;128
15;129
15;130
15;131
15;132
15;133
15;134
16;135
16;136
16;137
16;138
16;139
16;140
16;141
16;142
16;143
16;144
16;145
16;146
16;147
16;148
16;149
16;150
16;151
16;152
16;153
16;154
16;155
17;156
17;157
18;158
18;159
18;160
18;161
18;162
18;163
18;164
18;165
18;166
18;167
18;168
18;169
18;170
18;171
18;172
18;173
18;174
18;175
18;176
18;177
18;178
18;179
18;180
18;181
19;182
19;183
19;184
19;185
19;186
19;187
20;188
20;189
20;190
20;191
20;192
20;193
20;194
20;195
20;196
20;197
21;198
21;199
21;200
21;201
21;202
21;203
22;204
22;205
22;206
22;207
22;208
22;209
22;210
22;211
23;212
23;213
23;214
23;215
23;216
23;217
23;218
23;219
23;220
23;221
23;222
23;223
23;224
23;225
23;226
23;227
24;228
24;229
24;230
24;231
25;232
25;233
25;234
25;235
25;236
25;237
25;238
25;239
25;240
25;241
25;242
25;243
25;244
25;245
25;246
25;247
26;248
26;249
26;250
26;251
26;252
26;253
26;254
26;255
26;256
26;257
26;258
26;259
26;260
26;261
26;262
26;263
27;264
27;265
27;266
27;267
27;268
27;269
27;270
27;271
28;272
28;273
28;274
28;275
28;276
28;277
28;278
28;279
29;280
29;281
29;282
29;283
29;284
29;285
29;286
29;287
29;288
29;289
29;290
29;291
29;292
29;293
30;294
30;295
30;296
30;297
30;298
30;299
30;300
30;301
31;302
31;303
31;304
31;305
31;306
31;307
31;308
31;309
32;310
32;311
32;312
32;313
32;314
32;315
32;316
32;317
33;318
33;319
33;320
33;321
33;322
33;323
33;324
33;325
33;326
33;327
33;328
33;329
33;330
33;331
34;332
34;333
34;334
34;335
34;336
34;337
34;338
34;339
35;340
35;341
35;342
35;343
35;344
35;345
36;346
36;347
36;348
36;349
36;350
36;351
37;352
37;353
37;354
37;355
37;356
37;357
37;358
37;359
37;360
37;361
37;362
37;363
38;364
38;365
38;366
38;367
39;368
39;369
39;370
39;371
39;372
39;373
39;374
39;375
39;376
39;377
39;378
39;379
39;380
39;381
40;382
40;383
40;384
40;385
40;386
40;387
40;388
40;389
40;390
40;391
40;392
40;393
40;394
40;395
40;396
40;397
41;398
41;399
41;400
41;401
41;402
41;403
41;404
41;405
42;406
42;407
42;408
42;409
42;410
42;411
42;412
42;413
42;414
42;415
42;416
42;417
43;418
43;419
43;420
43;421
43;422
43;423
43;424
43;425
43;426
43;427
43;428
43;429
43;430
43;431
43;432
43;433
44;434
44;435
44;436
44;437
44;438
44;439
45;440
45;441
45;442
45;443
45;444
45;445
45;446
45;447
45;448
45;449
45;450
45;451
45;452
45;453
45;454
45;455
45;456
45;457
45;458
45;459
46;460
46;461
46;462
46;463
46;464
46;465
46;466
46;467
46;468
46;469
47;470
47;471
47;472
47;473
47;474
47;475
47;476
47;477
48;478
48;479
48;480
48;481
48;482
48;483
48;484
48;485
48;486
48;487
48;488
48;489
49;490
49;491
49;492
49;493
49;494
49;495
49;496
49;497
50;498
50;499
50;500
50;501
50;502
50;503
50;504
50;505
51;506
51;507
51;508
51;509
51;510
51;511
51;512
51;513
52;514
52;515
52;516
52;517
52;518
52;519
52;520
52;521
52;522
52;523
52;524
52;525
52;526
52;527
52;528
52;529
52;530
52;531
53;532
53;533
53;534
53;535
53;536
53;537
53;538
53;539
54;540
54;541
54;542
54;543
54;544
54;545
55;546
55;547
55;548
55;549
55;550
55;551
55;552
55;553
56;554
56;555
56;556
56;557
56;558
56;559
56;560
56;561
56;562
56;563
56;564
56;565
57;566
57;567
57;568
57;569
57;570
57;571
57;572
57;573
58;574
58;575
58;576
58;577
58;578
58;579
58;580
58;581
59;582
59;583
59;584
59;585
59;586
59;587
59;588
59;589
60;590
60;591
60;592
60;593
60;594
60;595
60;596
60;597
60;598
60;599
60;600
60;601
61;602
61;603
61;604
61;605
61;606
61;607
61;608
62;609
62;610
62;611
62;612
63;613
63;614
63;615
63;616
63;617
63;618
63;619
63;620
64;621
64;622
64;623
64;624
64;625
64;626
64;627
64;628
64;629
64;630
65;631
65;632
65;633
65;634
66;635
66;636
66;637
66;638
66;639
66;640
66;641
66;642
67;643
67;644
67;645
67;646
68;647
68;648
68;649
68;650
68;651
68;652
68;653
68;654
68;655
68;656
68;657
68;658
69;659
69;660
69;661
69;662
69;663
69;664
70;665
70;666
70;667
70;668
70;669
70;670
70;671
70;672
70;673
70;674
70;675
70;676
70;677
70;678
71;679
71;680
71;681
71;682
71;683
71;684
71;685
71;686
71;687
71;688
72;689
72;690
72;691
72;692
72;693
72;694
72;695
72;696
72;697
72;698
73;699
73;700
73;701
73;702
73;703
73;704
74;705
74;706
75;707
75;708
75;709
75;710
75;711
75;712
75;713
75;714
75;715
75;716
76;717
76;718
76;719
76;720
76;721
76;722
